Airline,Flight Number,Departing Station,Arrival Station,Departure Date and time,Arrival Date and Time
British Airways,BA 32,HKG,LHR,2027-01-14 22:45,2027-01-15 05:35
British Airways,BA 1440,LHR,EDI,2027-01-15 07:35,2027-01-15 09:00
Finnair,AY 100,HKG,HEL,2027-01-14 21:45,2027-01-15 05:45
Finnair (operated by Nordic Reg),AY 1371,HEL,EDI,2027-01-15 08:15,2027-01-15 09:10
Cathay Pacific,CX 289,HKG,FRA,2027-01-14 00:25,2027-01-14 07:05
Lufthansa,LH 960,FRA,EDI,2027-01-14 10:55,2027-01-14 11:55
Lufthansa,LH 797,HKG,FRA,2027-01-14 23:45,2027-01-15 06:10
Lufthansa,LH 960,FRA,EDI,2027-01-15 10:55,2027-01-15 11:55
SWISS,LX 139,HKG,ZRH,2027-01-14 23:30,2027-01-15 06:10
Edelweiss Air (for SWISS),WK 290,ZRH,EDI,2027-01-15 17:45,2027-01-15 19:10
